,가게이름,카테고리,위치,평점,리뷰수,위도,경도
0,원조두꺼비집불오징어,해물 | 생선,서울 은평구 연서로28길 5 1 2층,4.3,206,37.6181437,126.9211158
1,구석집,호프 | 요리주점,서울 은평구 통일로83길 17-5 1층,3.7,157,37.6204811,126.9178797
2,백년가게 만포면옥 본점,한식,서울 은평구 연서로 171 1  2층,3.3,98,37.6141024,126.9174466
3,골목집갈비살,갈비,서울 은평구 연서로27길 12-9 1층,4.2,51,37.6183824,126.9184493
4,카페뤽상부르,커피전문점,서울 은평구 연서로25길 6-11 1  2층,3.8,100,37.6172218,126.9181467
5,접시고기,육류 | 고기,서울 은평구 연서로29길 22 1층,4.1,88,37.6194621,126.918087
6,휴식,이탈리안,서울 은평구 연서로26길 14 2층,4.0,122,37.61658329999999,126.9207396
7,YM커피프로젝트,커피전문점,서울 은평구 연서로29길 21-8 1층,4.5,21,37.6190949,126.9175418
8,화포식당,삼겹살,서울 은평구 연서로29길 20-15 1층,3.9,21,37.6198523,126.9186761
9,원조양평해장국 직영점,해장국,서울 은평구 연서로 203,3.3,39,37.6168751,126.9187588
10,부엉이산장,한식,서울 은평구 연서로25길 6-18 1층,4.2,155,37.61729070000001,126.9184889
11,쿠우쿠우 연신내점,해산물뷔페,서울 은평구 통일로 856 메트로타워 6층,3.7,152,37.619634,126.921408
12,갈현동할머니떡볶이,떡볶이,서울 은평구 통일로87길 8-1,3.3,38,37.6234426,126.9187509
13,목노집,족발 | 보쌈,서울 은평구 연서로28길 10,3.7,51,37.6177612,126.9209684
14,파술타,이탈리안,서울 은평구 통일로 883 1층,3.5,192,37.6217534,126.9194619
15,아웃닭 연신내점,치킨,서울 은평구 연서로29길 20-7 1층,4.5,34,37.6196497,126.9183981
16,보들이족발,족발 | 보쌈,서울 은평구 연서로 230-10 보들이족발,3.4,75,0,0
17,심야식당세이지,일식,서울 은평구 연서로27길 13-6,3.4,98,37.6178927,126.9177077
18,유라쿠,초밥 | 롤,서울 은평구 연서로 214,3.1,122,37.6175183,126.9199253
19,한판승부,일본식주점,서울 은평구 통일로83길 11-6 지층,4.8,34,37.6204727,126.9184371
20,823m,디저트카페,서울 은평구 연서로29길 21-9 1층,4.0,118,37.6188107,126.9179866
21,조개폭식 연신내점,조개,서울 은평구 연서로 208 1층,4.5,32,37.61691880000001,126.9194945
22,미각,샤브샤브,서울 은평구 연서로29길 10-1 1층,4.9,18,37.6190659,126.9190975
23,화로상회 갈현점,육류 | 고기,서울 은평구 연서로29길 34 1층,3.5,27,37.6199509,126.91686
24,싱싱연신내횟집,회,서울 은평구 연서로27길 17 1층,2.9,56,37.6180815,126.9174648
25,성일식당,갈비,서울 은평구 갈현로 306-8,4.6,116,37.6238961,126.9176965
26,마르,삼겹살,서울 은평구 연서로27길 16-13 1층,3.9,68,37.61867590000001,126.9180259
27,수정불막창 연신내점,곱창 | 막창,서울 은평구 연서로29길 11-9,3.4,61,37.6185134,126.9187838
28,삼대족발 연신내점,족발 | 보쌈,서울 은평구 연서로29길 14-18,2.9,29,37.61953219999999,126.9195359
29,후통마라탕,중식,서울 은평구 연서로29길 20,3.6,73,37.619326,126.9183711
30,비보,피자,서울 은평구 연서로29길 17-5 1층,4.2,4,37.6188109,126.9184068
31,다온상회,육류 | 고기,서울 은평구 통일로83길 14,4.7,60,37.6209472,126.9183045
32,중화원,중국요리,서울 은평구 연서로26길 9 1층,2.6,18,37.617039,126.9205144
33,플럽커피,카페,서울 은평구 연서로29길 7-11 3층,3.4,139,37.618342,126.9192518
34,자연담은화로 연신내점,육류 | 고기,서울 은평구 연서로27길 16-8,4.0,31,37.6183698,126.9181493
35,이름없는 파스타 연신내점,이탈리안,서울 은평구 연서로29길 30-3 1층,4.0,69,37.6199462,126.9171342
36,봉평 옹심이메밀칼국수,국수,서울 은평구 연서로 247,3.9,35,37.61966779999999,126.9221552
37,일로,일식,서울 은평구 연서로29길 21-3 1층,4.2,116,37.61908,126.9179816
38,원마산아구찜,아구,서울 은평구 통일로83길 11 1층,4.4,24,37.6207593,126.918544
39,떡산,분식,서울 은평구 연서로 247-1 1층,,117,37.6195049,126.9223716
40,맥도날드 연신내점,패스트푸드,서울 은평구 연서로 213,2.5,11,37.6175938,126.919214
41,달가득치킨,치킨,서울 은평구 연서로28길 10 1층,3.0,22,37.6177612,126.9209684
42,해례커피,커피전문점,서울 은평구 통일로83길 19,4.3,137,37.6206299,126.9176011
43,가이오국수 본점,국수,서울 은평구 연서로 132 1층,4.0,69,37.610494,126.9172735
44,H3비스트로,양식,서울 은평구 연서로27길 13-1 1층,4.0,2,37.617913,126.9178569
45,일미양꼬치 연신내점,양꼬치,서울 은평구 연서로29길 14-16,3.9,36,37.6194535,126.9194102
46,신간짬뽕,중국요리,서울 은평구 통일로85길 7-1 2층,4.1,4,37.6218729,126.9188303
47,왕십리곱창,곱창 | 막창,서울 은평구 연서로27길 13,4.2,18,37.6178807,126.9179797
48,연신내회수산,회,서울 은평구 통일로83길 6-5,3.4,14,37.6211915,126.9189047
49,탐나도다,카페,서울 은평구 통일로83길 5-14,4.5,12,37.620598,126.9187423
50,하기당,일본식주점,서울 은평구 통일로83길 5-8 2층,4.2,25,37.6205636,126.9191132
51,스타벅스 연신내역사거리점,커피전문점,서울 은평구 통일로 842,3.9,22,37.6186243,126.9220434
52,청어람 3호점,곱창 | 막창,서울 은평구 연서로27길 16-12,3.0,61,37.618538,126.9182216
53,갈현동떡볶이,떡볶이,서울 은평구 연서로29길 24,2.8,24,37.619564,126.9177038
54,어뮤즈멜로우,디저트카페,서울 은평구 연서로27길 20 2층,4.0,67,37.6183153,126.9175226
55,소담촌 구산직영점,샤브샤브,서울 은평구 서오릉로 145 상원빌딩 3층,3.5,30,37.6112479,126.9164652
56,까볼로,이탈리안,서울 은평구 연서로27길 16-14,4.2,19,37.6186324,126.9182927
57,코피티암,카페,서울 은평구 연서로27길 7-1 1 2층,3.4,32,37.6175858,126.9183362
58,도화원,중국요리,서울 은평구 연서로 167,3.7,100,37.613926,126.9173698
59,봉화가마솥설렁탕,설렁탕,서울 은평구 연서로29길 22-17 1층,4.8,13,37.6201018,126.9176915
60,스타벅스 연신내점,커피전문점,서울 은평구 통일로 867,4.4,31,37.6201922,126.9198809
61,옥탑방,삼겹살,서울 은평구 서오릉로 115 1층,4.4,356,37.609738,126.9192393
62,오광참치,참치회,서울 은평구 갈현로36길 20 2층,3.8,15,37.6216149,126.9188986
63,오늘손칼국수앤찜 연신내점,국수,서울 은평구 연서로 187 1층,3.3,5,37.6155183,126.9178837
64,술있는부엌,술집,서울 은평구 연서로28길 16,3.9,44,37.61730920000001,126.9213906
65,소와연어,육류 | 고기,서울 은평구 연서로27길 20-4 1층,4.2,53,37.6184705,126.9175407
66,다슬기요리전문점,해장국,서울 은평구 연서로29길 8-11,2.5,37,37.6192366,126.9195323
67,로타리곱창타운,곱창 | 막창,서울 은평구 연서로27길 20-17 1층,3.7,85,37.6189271,126.9176134
68,전주대감감자탕뼈해장국,감자탕,서울 은평구 통일로83길 5-11,3.6,10,37.6204283,126.9190076
69,하남돼지집 연신내1호점,삼겹살,서울 은평구 연서로 200,3.1,10,37.6164234,126.9191176
70,할리스 연신내점,커피전문점,서울 은평구 연서로 212 1~3층,3.4,14,37.617136,126.9196929
71,홍제동30년 우동국수,국수,서울 은평구 서오릉로 242,2.9,191,37.6163119,126.9077889
72,안동유진찜닭 연신내점,닭요리,서울 은평구 연서로29길 7-23,4.7,10,37.6181673,126.9190675
73,KFC 연신내역점,패스트푸드,서울 은평구 연서로 226-1,3.1,11,37.6183888,126.920521
74,강씨네닭발,실내포장마차,서울 은평구 연서로 178-1 1층,4.6,61,37.6147166,126.9181105
75,옥이네김밥,분식,서울 은평구 연서로 247,3.4,40,37.61966779999999,126.9221552
76,카도야라멘 갈현점,일본식라면,서울 은평구 연서로29길 32 1층,3.4,27,37.6198578,126.9170233
77,아오리의행방불명 연신내점,일본식라면,서울 은평구 연서로 215-1 2층,3.9,23,37.6178665,126.9194706
78,투썸플레이스 연신내점,커피전문점,서울 은평구 연서로 223 2 3층,,5,37.6184663,126.9198357
79,연수식당,한식,서울 은평구 연서로27길 17-1,3.5,41,37.6179117,126.9174208
80,경주식당 연신내점,한식,서울 은평구 연서로27길 13-8,3.9,92,37.617759,126.9174796
81,제이츠커피브루어스,카페,서울 은평구 연서로25길 20-3 1층,4.1,30,37.6174221,126.9168944
82,무명,일본식주점,서울 은평구 연서로29길 11-11,3.6,16,37.618401,126.9187028
83,은행나무 갈현동1그루점,샤브샤브,서울 은평구 연서로 183-4,4.0,12,37.6152378,126.9176612
84,홍가네사골곰탕,곰탕,서울 은평구 통일로82길 15,4.0,21,37.6212822,126.9202492
85,메밀마을,한식,서울 은평구 연서로26길 23-1,4.5,21,37.6159384,126.9216528
86,유토피아룸카페,카페,서울 은평구 연서로27길 16-8 2층,5.0,0,37.6183698,126.9181493
87,그남자고깃집,육류 | 고기,서울 은평구 연서로 178,3.9,60,37.614584,126.9180943
88,홍제동우동국수,국수,서울 은평구 통일로 803-1,4.0,5,37.615671,126.9242358
89,요요라멘,일본식라면,서울 은평구 연서로29길 30-12 1층,4.6,23,37.6200328,126.9174342
90,꿀백,불고기 | 두루치기,서울 은평구 통일로83길 9 1층,4.2,27,37.6208246,126.9188908
91,두끼떡볶이 연신내점,떡볶이,서울 은평구 연서로 217 2층,4.2,7,37.618066,126.9196093
92,라화방 연신내본점,중국요리,서울 은평구 연서로29길 30 1층,2.9,7,37.6197236,126.9173254
93,머스트,칵테일바,서울 은평구 연서로29길 17-4 2층,3.4,18,37.6189508,126.9182372
94,고기원칙 연신내점,육류 | 고기,서울 은평구 연서로29길 20-5,3.6,35,37.619616,126.9182638
95,쿵푸양꼬치,양꼬치,서울 은평구 통일로 833-4 2층,3.6,27,37.6177437,126.9217129
96,푸딩 연신내점,분식,서울 은평구 연서로25길 20-6,4.5,65,37.6174527,126.9171884
97,은평갈비,갈비,서울 은평구 연서로29길 8-15 충남빌딩 2층,3.7,29,37.6193735,126.91963
98,연신내 포항물회,회,서울 은평구 통일로83길 15-1 1층,,5,37.6207002,126.9180011
99,마마치킨 연신내점,치킨,서울 은평구 연서로29길 22-13 1~3층,4.0,19,37.6199192,126.9177236
100,곱창이어라,곱창 | 막창,서울 은평구 연서로29길 14-14 1층,3.7,80,37.6193947,126.9192864
101,멘야다이고미,일본식라면,서울 은평구 통일로 889 국용빌딩 1층,3.5,79,37.6223797,126.9195792
102,30CM왕돈까스,돈까스 | 우동,서울 은평구 연서로26길 27 지하1층 102호,4.4,25,37.6156573,126.9218472
103,쿠로,일식,서울 은평구 연서로 211-3 2층,4.2,150,37.6175485,126.9187887
104,한신포차 연신내점,실내포장마차,서울 은평구 연서로29길 14-13 1층,3.8,31,37.619544,126.9191529
105,유진참치,참치회,서울 은평구 연서로29길 20-8,3.0,1,37.6194889,126.9186462
106,스낵바세이지,일본식주점,서울 은평구 연서로25길 20-4 1층,2.6,66,37.6173423,126.9171379
107,탕화쿵푸마라탕,중식,서울 은평구 연서로29길 17,3.8,1,37.6190892,126.9182975
108,코젤다크하우스 연신내점,호프 | 요리주점,서울 은평구 연서로29길 20-12 1 2층,3.4,12,37.6195568,126.9187812
109,봉삼스시 연신내1호점,초밥 | 롤,서울 은평구 통일로 863-20 1층,3.2,10,37.6203072,126.9194533
110,홍대칼국수와족발 연신내점,한식,서울 은평구 통일로 855-15 1층,3.3,37,37.619209,126.9197683
111,춘천명가 닭갈비막국수 연신내,닭요리,서울 은평구 연서로29길 16,3.1,4,37.6192201,126.9185153
112,호박,호프 | 요리주점,서울 은평구 연서로27길 16-11,1.8,15,37.6186155,126.9179328
113,미분당 연신내점,베트남음식,서울 은평구 연서로 211-2 1층,4.4,77,37.617507,126.9188845
114,1943 연신내점,호프 | 요리주점,서울 은평구 연서로29길 8 2층,3.0,20,37.6188826,126.919252
115,다온카츠,돈까스 | 우동,서울 은평구 연서로29길 21-11 1층,4.1,224,37.6188761,126.9178486
116,씨즈닝테이블,양식,서울 은평구 연서로28길 19 1층,4.3,18,37.6172114,126.921929
117,낭풍,찌개 | 전골,서울 은평구 연서로29길 11-2,5.0,11,37.6187987,126.9187412
118,페스카,이탈리안,서울 은평구 연서로 204 1층,4.5,115,37.6167177,126.9192822
119,무지개양꼬치 연신내점,양꼬치,서울 은평구 통일로83길 13 1층,5.0,14,37.6207458,126.9183527
120,파리바게뜨 연신내점,제과 | 베이커리,서울 은평구 통일로 855-8 진원와이타운상가 1층 104~107호,2.5,3,37.6190571,126.9201953
121,포차마실,실내포장마차,서울 은평구 연서로29길 10-1,3.5,1,37.6190659,126.9190975
122,아현닭발 연신내점,닭요리,서울 은평구 연서로27길 8-6,4.0,12,37.6179093,126.9189342
123,도리연닭도리탕 연신내점,한식,서울 은평구 연서로27길 20 1층 102호,4.3,85,37.6183153,126.9175226
124,웅추삼계탕,삼계탕,서울 은평구 연서로27길 9,3.2,7,37.6177053,126.9183991
125,신라마라탕 연신내점,중국요리,서울 은평구 연서로29길 14-6 2층,4.0,10,37.61919350000001,126.9189597
126,써브웨이 연신내점,샌드위치,서울 은평구 연서로 215-1 1층,2.9,8,37.6178665,126.9194706
127,투썸플레이스 연신내엘피스점,커피전문점,서울 은평구 통일로 829 1  2층,4.6,5,37.6174094,126.9222059
128,돌다리 김치찌개 연신내점,한식,서울 은평구 통일로 863-18,2.8,0,37.6201867,126.9194811
129,케이크를부탁해 연신내역점,카페,서울 은평구 연서로29길 8,3.8,8,37.6188826,126.919252
130,비비드칩마카롱,디저트카페,서울 은평구 통일로75길 6-20,4.4,4,37.6164742,126.9227019
131,천유향,중국요리,서울 은평구 연서로29길 20-18 2층,4.1,5,37.6197271,126.9190777
132,꽃,일본식주점,서울 은평구 연서로29길 20-11 지하1층,4.3,1,37.6197184,126.9185251
133,섬진강명품민물장어,장어,서울 은평구 통일로85길 2,4.0,0,37.6222407,126.9193404
134,경복궁개성손만두 은평점,한식,서울 은평구 통일로82길 17 지하 2층,4.6,7,37.6214197,126.9202166
135,배스킨라빈스 연신내역점,아이스크림,서울 은평구 통일로 855-7,4.0,23,37.6188241,126.9200412
136,어사출또 연신내점,회,서울 은평구 통일로 863-23 1층,3.0,14,37.6202841,126.919192
137,명륜진사갈비 서울연신내점,갈비,서울 은평구 통일로 835 2층,3.2,11,37.6179076,126.9217014
138,삿뽀로 우동초밥모밀전문점,돈까스 | 우동,서울 은평구 연서로28길 18,3.3,19,37.6171264,126.9216017
139,솥뚜껑삼겹살,삼겹살,서울 은평구 연서로29길 11 1층,2.1,21,37.6188972,126.918776
140,엉터리생고기 연신내점,육류 | 고기,서울 은평구 통일로83길 6-10,4.1,10,37.621524,126.9193021
141,치즈당,디저트카페,서울 은평구 통일로83길 5-4 1층,4.7,21,37.6207462,126.9190879
142,마산종가아구찜,아구,서울 은평구 연서로 191,4.5,10,37.6159026,126.9180401
143,주다,양식,서울 은평구 통일로83길 17-16,4.4,160,37.6203094,126.918222
144,스시남,초밥 | 롤,서울 은평구 통일로83길 5-12 1층,3.6,16,37.6205601,126.9189264
145,죠몬,일식,서울 은평구 연서로27길 13-1 1층,4.3,12,37.617913,126.9178569
146,놀숲 연신내로데오점,만화카페,서울 은평구 연서로29길 6 3층,3.1,7,37.6187631,126.9195754
147,초램양고기,양꼬치,서울 은평구 통일로85길 8,4.2,0,37.622224,126.9188048
148,오징어청춘 연신내점,해물 | 생선,서울 은평구 연서로29길 20-6,1.6,7,37.6194568,126.9184926
149,이디야커피 연신내역점,커피전문점,서울 은평구 통일로 855-9,3.7,0,37.618854,126.9198697
150,블루보틀 삼청 카페,카페,서울 종로구 북촌로5길 76 1~3층,3.3,931,37.58011510000001,126.9808482
151,황생가칼국수,국수,서울 종로구 북촌로5길 78,3.6,624,37.5800396,126.9806545
152,토속촌삼계탕,삼계탕,서울 종로구 자하문로5길 5,3.7,65,37.5775632,126.9715804
153,아키비스트,카페,서울 종로구 효자로13길 52 1층,3.7,702,37.5821697,126.9726616
154,스미스가 좋아하는 한옥,이탈리안,서울 종로구 삼청로 22-7,3.0,223,37.5778867,126.9800951
155,H라운지,카페,서울 종로구 자하문로4길 21-9,2.9,231,37.5778463,126.9734671
156,차마시는 뜰,전통찻집,서울 종로구 북촌로11나길 26 1층,4.4,238,37.5821492,126.9822617
157,삼청동수제비,수제비,서울 종로구 삼청로 101-1,2.8,930,37.5844951,126.9818969
158,서촌계단집,해물 | 생선,서울 종로구 자하문로1길 15 1층,3.1,535,37.5763117,126.9714855
159,테라로사 광화문점,커피전문점,서울 종로구 종로1길 50,3.7,129,37.5745869,126.9792435
160,체부동잔치집,국수,서울 종로구 자하문로1길 16 1층,3.8,532,37.5764739,126.9714867
161,몽중헌 안국점,중국요리,서울 종로구 북촌로 31-22,4.0,104,37.5795677,126.9838275
162,안주마을,호프 | 요리주점,서울 종로구 자하문로1길 3,4.1,319,37.5764173,126.9721203
163,이태리재,이탈리안,서울 종로구 율곡로1길 74-9 1층,3.4,225,37.57876479999999,126.9817259
164,칸다소바 경복궁점,일본식라면,서울 종로구 자하문로7길 5 1층,3.9,564,37.5781378,126.9712453
165,노티드 안국,디저트카페,서울 종로구 북촌로 6-3 1층,3.3,1344,37.5774613,126.9860468
166,청수정,한식,서울 종로구 삼청로 91,3.3,72,37.5836042,126.9816079
167,수와래,스테이크 | 립,서울 종로구 삼청로 82 2층,,227,37.5826208,126.9819915
168,안녕인사동,테마카페,서울 종로구 인사동길 49,4.1,511,37.5745213,126.9838508
169,라카페갤러리,갤러리카페,서울 종로구 자하문로10길 28 1층,4.6,119,37.5792534,126.9730153
170,어니언 안국점,카페,서울 종로구 계동길 5,3.5,1441,37.5773379,126.9863689
171,애즈라이크,카페,서울 종로구 효자로7길 23 1층,4.0,322,37.576549,126.9740034
172,영화루,중국요리,서울 종로구 자하문로7길 65,3.0,242,37.5801015,126.9690071
173,가스트로통,양식,서울 종로구 자하문로6길 11-36 1층,3.2,255,37.5786172,126.9725961
174,깡통만두,분식,서울 종로구 북촌로2길 5-6,3.9,601,37.57811299999999,126.9860787
175,오레노라멘 인사점,일본식라면,서울 종로구 율곡로 49-4,4.1,537,37.5764844,126.9845555
176,가배도 삼청점,다방,서울 종로구 북촌로5길 56-8 101호,3.6,324,37.5798884,126.9821431
177,잘빠진메밀 서촌점,국수,서울 종로구 자하문로11길 4 1  2층,3.4,210,37.5796275,126.9709655
178,다운타우너 안국,햄버거,서울 종로구 북촌로 6-4 1층,4.1,1081,37.5774194,126.9863044
179,한일관 광화문점,한정식,서울 종로구 종로1길 50 더케이트윈타워 A동 지하1층,3.2,21,37.574769,126.979032
180,스태픽스,카페,서울 종로구 사직로9길 22 1층 102호,3.3,787,37.5774304,126.9680273
181,청진옥,해장국,서울 종로구 종로3길 32,2.9,264,37.5716911,126.9794619
182,소금집 델리 안국,샌드위치,서울 종로구 북촌로4길 19 신영빌딩 1층 103호,3.7,900,37.5794245,126.9862387
183,mk2,카페,서울 종로구 자하문로10길 17,3.3,174,37.5794697,126.9725051
184,광화문한옥집,한식,서울 종로구 새문안로5가길 7 세종클럽 지하 1층,3.1,115,37.57274049999999,126.9740251
185,온지음,한정식,서울 종로구 효자로 49 4층,4.2,30,37.580487,126.9733391
186,나무사이로,커피전문점,서울 종로구 사직로8길 21 1층,3.9,153,37.5745951,126.9709533
187,도트블랭킷,카페,서울 종로구 윤보선길 22 1층,4.2,322,37.5769858,126.9840823
188,기와탭룸,호프 | 요리주점,서울 종로구 율곡로1길 74-7 1층,4.2,192,37.5786068,126.9816884
189,취천루,중국요리,서울 종로구 자하문로7길 9,3.5,112,37.5782269,126.971021
190,경춘자의 라면땡기는날,분식,서울 종로구 율곡로3길 82,3.3,329,37.5792721,126.9822511
191,풍년쌀농산,분식,서울 종로구 북촌로5가길 32,3.3,361,37.58093059999999,126.9816839
192,코피티암커피 경복궁점,카페,서울 종로구 자하문로4길 7,3.1,134,37.5773534,126.9726259
193,크리스탈제이드 광화문상하이팰리스점,,서울 종로구 율곡로2길 7 서머셋팰리스 1층 103호,3.8,83,37.5749752,126.9812194
194,서촌뜰애우곱창타운,곱창 | 막창,서울 종로구 자하문로1나길 1,4.1,102,37.5765254,126.9716003
195,카페 레이어드 안국점,디저트카페,서울 종로구 북촌로2길 2-3,3.0,619,37.5776998,126.9859145
196,먹쉬돈나 삼청동점,떡볶이,서울 종로구 율곡로3길 74-7,2.6,103,37.5790267,126.9825273
197,포담,중국요리,서울 종로구 사직로 133-10 2층 1호,3.5,111,37.5763566,126.9734287
198,스코프 서촌점,제과 | 베이커리,서울 종로구 필운대로5가길 31,4.0,185,37.5803223,126.9674644
199,이태리총각,이탈리안,서울 종로구 자하문로9길 11,3.4,26,37.5792842,126.9705513
200,북촌도담,한식,서울 종로구 북촌로1길 9,3.4,229,37.5773041,126.985261
201,두가헌,이탈리안,서울 종로구 삼청로 14,3.3,4,37.577203,126.9799131
202,두오모 북스앤쿡스,이탈리안,서울 종로구 자하문로16길 5 1층,3.9,69,37.5816104,126.9715553
203,서촌김씨뜨라또리아,이탈리안,서울 종로구 자하문로9길 6 2층,4.1,108,37.5795435,126.9708342
204,사발,한식,서울 종로구 사직로8길 34 경희궁의아침 3단지 1층 142호,3.5,474,37.5732644,126.9719961
205,솔트24,제과 | 베이커리,서울 종로구 율곡로3길 75 1층,4.4,198,37.5789379,126.9820473
206,김진목삼,삼겹살,서울 종로구 자하문로1길 51 1층,4.6,158,37.5767877,126.9695521
207,마지,한식,서울 종로구 자하문로5길 19,3.8,38,37.5775672,126.9707957
208,차이797 광화문점,중식,서울 종로구 새문안로5길 31 센터포인트 광화문빌딩 2층,3.5,2,37.573135,126.9742155
209,광화문뚝감,감자탕,서울 종로구 새문안로3길 21,4.0,226,37.5720682,126.9725604
210,대충유원지 인왕산,카페,서울 종로구 필운대로 46 무목적빌딩 4층,3.8,301,37.5800431,126.9688155
211,일품당 광화문점,샤브샤브,서울 종로구 세종대로23길 25,3.1,44,37.5714698,126.9750342
212,베이징코야,중국요리,서울 종로구 율곡로2길 25 연합뉴스 빌딩 지하 1층,3.6,42,37.5743993,126.9803563
213,꽃밥에피다,한식,서울 종로구 인사동16길 3-6 1층,,175,37.5752362,126.9840007
214,후라토식당 본점,한식,서울 종로구 새문안로5길 19 로얄빌딩 아케이드 지하1층 63호,4.0,155,37.5720063,126.9742753
215,소선재,한정식,서울 종로구 삼청로 113-1,2.5,46,37.5854996,126.9817768
216,효자베이커리,제과 | 베이커리,서울 종로구 필운대로 54,3.8,214,37.5809067,126.9686598
217,대장장이화덕피자,피자,서울 종로구 북촌로 42-4,3.8,160,37.5805286,126.9853384
218,효자동초밥,초밥 | 롤,서울 종로구 자하문로 14,2.9,112,37.5773255,126.9724248
219,이문설농탕,설렁탕,서울 종로구 우정국로 38-13 1층,3.0,350,37.5727213,126.9838844
220,더마틴,디저트카페,서울 종로구 자하문로 54-1,3.9,244,37.580934,126.9714842
221,교대이층집 광화문점,삼겹살,서울 종로구 삼봉로 95,4.1,67,37.5724163,126.9824791
222,내자상회,카페,서울 종로구 사직로10길 3 1층,3.8,331,37.5757119,126.970485
223,광화문미진 본점,한식,서울 종로구 종로 19 르메이에르종로타운 1층 116-2 117호,3.3,601,37.5709593,126.9798759
224,박순례손말이고기 산정집 광화문점,,서울 종로구 새문안로5가길 3-10 선덕빌딩 2층,2.9,236,37.5723246,126.9741678
225,포비 광화문점,카페,서울 종로구 종로3길 17 광화문D타워 1층 21호,4.2,530,37.5709867,126.97892
226,부띠끄경성,양식,서울 종로구 삼청로 75-5,,89,37.5822344,126.9811624
227,설가온,한정식,서울 종로구 세종대로 175 세종문화회관 지하1층,,35,37.5725254,126.9756429
228,티엔미미 서촌점,중국요리,서울 종로구 자하문로7길 19 1층,3.9,256,37.5785624,126.9706428
229,조선김밥,분식,서울 종로구 율곡로3길 68,2.7,100,37.5785715,126.9821938
230,스모어마켓 토이하우스2,테마카페,서울 종로구 율곡로3길 74-3,4.4,232,37.5789984,126.9823771
231,화목순대국 광화문1호점,순대,서울 종로구 새문안로5길 11,3.9,74,37.5711525,126.9747091
232,라면점빵,분식,서울 종로구 자하문로1길 39,4.2,82,37.5765539,126.970118
233,통인스윗,디저트카페,서울 종로구 자하문로7길 50,3.7,201,37.579596,126.9696221
234,용금옥,추어,서울 종로구 자하문로 41-2,3.4,32,37.5796945,126.9708967
235,강구미주구리,회,서울 종로구 자하문로2길 5,3.8,42,37.5765503,126.9730162
236,준수방키친,양식,서울 종로구 자하문로11길 8,3.5,201,37.57965739999999,126.9707704
237,와이엔,카페,서울 종로구 윤보선길 71 1층,3.9,146,37.5779108,126.9835156
238,서울서둘째로잘하는집,전통찻집,서울 종로구 삼청로 122-1,4.0,162,37.5862055,126.9818215
239,베어카페,카페,서울 종로구 자하문로24길 24,3.3,140,37.5828421,126.9711398
240,돌밭메밀꽃,국수,서울 종로구 효자로 31-1,4.0,41,37.5788439,126.97369
241,모던김밥,분식,서울 종로구 자하문로2길 10,3.2,17,37.5763754,126.9732065
242,백부장집닭한마리 본관,닭요리,서울 종로구 삼봉로 100-1,4.3,144,37.5717819,126.9826723
243,루뽀,와인바,서울 종로구 새문안로5길 31 센터포인트빌딩 2층,4.0,186,37.5715671,126.9745288
244,PKM가든레스토랑,양식,서울 종로구 삼청로7길 40 PKM갤러리 2층,4.3,34,37.5840393,126.9801337
245,플로라 삼청점,양식,서울 종로구 율곡로3길 74-6 1층,3.4,12,37.5788041,126.9823095
246,대오서점,카페,서울 종로구 자하문로7길 55,2.7,72,37.5796942,126.9693117
247,비스트로친친,이탈리안,서울 종로구 효자로13길 54 1층,,60,37.5820922,126.9727623
248,누하의숲,일식집,서울 종로구 필운대로 31-1,3.9,145,37.5787547,126.9687302
249,공기식당,일식,서울 종로구 필운대로6길 20-1,4.4,145,37.58030189999999,126.9693633
250,콩지POT지,이탈리안,서울 종로구 북촌로 21-15,3.8,306,37.5787894,126.9843668
251,스타벅스 경복궁역점,커피전문점,서울 종로구 자하문로4길 6 1층,3.7,22,37.5771471,126.9726344
252,대하식당,육류 | 고기,서울 종로구 자하문로7길 27,4.5,124,37.57890330000001,126.9704717
253,도마 인사점,한식,서울 종로구 인사동8길 6-1,4.1,124,37.5737422,126.9858788
254,우드앤브릭 재동점,제과 | 베이커리,서울 종로구 북촌로5길 14 1층,3.4,122,37.5794714,126.9840451
255,아지오,이탈리안,서울 종로구 인사동11길 23,3.1,228,37.5736651,126.9834119
256,진진수라 광화문점,한정식,서울 종로구 종로5길 7 타워8빌딩 지하 2층 201-206호,3.6,160,37.5706059,126.9805337
257,호아드카페&갤러리,갤러리카페,서울 종로구 율곡로1길 54-3,3.2,36,37.5782503,126.9809913
258,프리시즌,카페,서울 종로구 자하문로6길 9,3.6,147,37.5781506,126.9726116
259,들풀건강한밥상 청운동점,한식,서울 종로구 자하문로 118,3.3,42,37.5864075,126.9701068
260,버거드조선,햄버거,서울 종로구 사직로10길 7,4.2,161,37.5755237,126.9704944
261,조금,일식집,서울 종로구 인사동길 60,2.6,119,37.5752491,126.9836145
262,창성갈비,갈비,서울 종로구 자하문로 40-1,4.1,35,37.5795599,126.9715801
263,서린낙지,해물 | 생선,서울 종로구 종로 19 르메이에르 종로타운 2층,3.1,183,37.5709593,126.9798759
264,애호락,한식,서울 종로구 계동길 41 2층,3.7,156,37.5791292,126.9865789
265,삼백집 경복궁역점,국밥,서울 종로구 사직로 133-3,2.1,30,37.5760899,126.9733293
266,미락치킨 경복궁본점,치킨,서울 종로구 자하문로 17-1,3.3,104,37.5775919,126.9718766
267,로코랩,카페,서울 종로구 율곡로4길 51,4.2,109,37.5733179,126.9812906
268,블루보틀 삼청 한옥,커피전문점,서울 종로구 삼청로2길 40-3,3.4,114,37.580071,126.9809609
269,국빈관,육류 | 고기,서울 종로구 자하문로2길 17-4,3.6,33,37.5765897,126.9738104
270,런던베이글뮤지엄 안국점,제과 | 베이커리,서울 종로구 북촌로4길 20 연화빌딩 1층,3.2,2607,37.5791432,126.9862176
271,개성만두 궁,한식,서울 종로구 인사동10길 11-3,2.9,211,37.57423,126.9853967
272,백년토종삼계탕 북촌점,삼계탕,서울 종로구 북촌로 41,2.6,30,37.5805745,126.9847026
273,금용문,중국요리,서울 종로구 새문안로5가길 7 세종클럽 2층,3.6,111,37.57274049999999,126.9740251
274,월영당 서울,커피전문점,서울 종로구 북촌로5길 62,3.7,157,37.57989930000001,126.9816244
275,더레스토랑,이탈리안,서울 종로구 삼청로 54,3.5,27,37.5806294,126.9806125
276,히타토제면소,돈까스 | 우동,서울 종로구 자하문로7길 12 1층,3.5,92,37.5784167,126.971092
277,오목집 광화문점,족발 | 보쌈,서울 종로구 삼봉로 98 1 2층,3.8,67,37.5718251,126.9825641
278,키즈나,초밥 | 롤,서울 종로구 율곡로1길 78 1층,4.4,131,37.5787585,126.9816196
279,할매집,감자탕,서울 종로구 사직로12길 1-5,2.5,141,37.5756335,126.9714088
280,경복궁박광일참치,참치회,서울 종로구 자하문로 26-1,3.7,92,37.5783759,126.9719892
281,청국장밥 삼청동점,한식,서울 종로구 삼청로2길 29-5,3.2,20,37.5804966,126.9816163
282,마산해물아구찜,해물 | 생선,서울 종로구 북촌로5길 6 2층,3.3,22,37.5794518,126.9845888
283,알로이막막,동남아음식,서울 종로구 자하문로7길 30,2.6,277,37.5790112,126.9705517
284,폴앤폴리나 광화문점,제과 | 베이커리,서울 종로구 사직로8길 42 광화문시대 1층,4.4,54,37.5737408,126.9731114
285,김용현 베이커리,제과 | 베이커리,서울 종로구 자하문로 21 1층,4.2,131,37.5779516,126.9715909
286,고치비,이탈리안,서울 종로구 필운대로 38 1층,3.5,236,37.5792987,126.9689107
287,힐사이드테이블,양식,서울 종로구 경희궁2길 7 1층,3.6,427,37.572829,126.9709459
288,널담은공간 경복궁점,카페,서울 종로구 삼청로 24 1~3층,3.6,154,37.5779817,126.9799319
289,봉피양 경복궁점,갈비,서울 종로구 자하문로 20,2.5,23,37.57786310000001,126.9722861
290,헤르만의정원,카페,서울 종로구 자하문로7길 62,3.7,138,37.5800173,126.9692766
291,나주소나주곰탕 경복궁점,곰탕,서울 종로구 자하문로2길 8 1층,3.2,35,37.576368,126.9730889
292,곰솔,한정식,서울 종로구 자하문로8길 9,4.3,0,37.57872990000001,126.9720862
293,종로도담,한식,서울 종로구 삼봉로 78 1 2층,,186,37.57205810000001,126.9814787
294,까델루뽀,이탈리안,서울 종로구 자하문로16길 5-5,3.9,37,37.5817921,126.9714078
295,참,칵테일바,서울 종로구 자하문로7길 34,4.7,8,37.5791322,126.97037
296,The 94,양식,서울 종로구 자하문로10길 10-32,4.5,8,37.57891619999999,126.9719489
297,진가와 광화문점,일식집,서울 종로구 종로1길 50 더케이트윈타워 지하1층 15호,3.1,94,37.574638,126.979181
298,백미당 삼청점,아이스크림,서울 종로구 삼청로 48,1.8,83,37.5800908,126.9802258
299,감성타코 광화문점,멕시칸 | 브라질,서울 종로구 새문안로3길 23 경희궁의아침4단지 지하1층 B201호,3.1,131,37.5722444,126.9722071
303,커피브론즈,커피전문점,서울 종로구 율곡로5길 20 1층,4.5,123,37.5770463,126.9848388
306,안국153,제과 | 베이커리,서울 종로구 율곡로 51 1층,2.9,101,37.5764766,126.98491
307,티테라피 행랑점,카페,서울 종로구 윤보선길 74 1층,4.6,29,37.5791336,126.9835289
308,동백식당,국밥,서울 종로구 윤보선길 10,4.2,56,37.5779108,126.9835156
309,카페이드라,카페,서울 종로구 윤보선길 18 1층,4.8,28,37.5768919,126.9841673
310,이화돈까스,돈까스 | 우동,서울 종로구 율곡로 49-4 사비나미술관 지하1층,3.8,44,37.5764844,126.9845555
311,별궁식당,찌개 | 전골,서울 종로구 윤보선길 19-16,3.0,23,37.5772257,126.9835888
312,산체스막걸리,술집,서울 종로구 윤보선길 26 지하1층,3.8,55,37.5771512,126.9840427
313,북촌연잎밥,한정식,서울 종로구 율곡로5길 12,4.1,7,37.5770802,126.9851146
314,카페수달,카페,서울 종로구 율곡로 49-14 1층,4.0,188,37.5766275,126.9844313
315,카페포엠 안국역점,카페,서울 종로구 북촌로5길 19-4,3.4,17,37.57920670000001,126.9838641
316,소온테이블,이탈리안,서울 종로구 윤보선길 26,3.7,16,37.5771512,126.9840427
317,커피빈 안국역점,커피전문점,서울 종로구 율곡로 47 1  2층,4.2,8,37.5762989,126.9845773
318,벽오동,한정식,서울 종로구 율곡로3길 74-10,1.6,11,37.5787386,126.9824474
319,온6.5,한식,서울 종로구 북촌로1길 28 1층,3.4,94,37.5773407,126.9842767
320,지유가오카핫초메 삼청점,카페,서울 종로구 윤보선길 46,3.9,75,37.57805980000001,126.983668
321,공간,칵테일바,서울 종로구 율곡로3길 66-4 1층,4.5,77,37.5785123,126.9823282
322,냐향in안국,베트남음식,서울 종로구 윤보선길 34-1 1층,4.4,98,37.57751530000001,126.9838441
323,맥주다방호시절,호프 | 요리주점,서울 종로구 윤보선길 10,3.3,6,37.5779108,126.9835156
324,종로삼대복집,복어,서울 종로구 북촌로1길 11,4.2,2,37.5772191,126.985124
325,로마네꽁띠,와인바,서울 종로구 북촌로1길 30-20,5.0,3,37.57782030000001,126.9843121
326,마나님레시피,한식,서울 종로구 윤보선길 65,2.7,13,37.5788089,126.9830782
327,공공재커피클럽,카페,서울 종로구 윤보선길 35 1층 102호,5.0,46,37.5775227,126.983655
328,코피발리 안국점,커피전문점,서울 종로구 율곡로5길 19 1~2층,4.4,26,37.5712765,126.9802872
329,콤포타블 안국,카페,서울 종로구 윤보선길 16-1 1층,4.6,85,37.5768002,126.9841867
330,아트마,카페,서울 종로구 율곡로 49-16 1층,4.6,47,37.5767519,126.9843379
331,이화가,한정식,서울 종로구 북촌로1길 28,3.5,4,37.5773407,126.9842767
332,베커린,제과 | 베이커리,서울 종로구 윤보선길 20,4.8,12,37.57691130000001,126.9841172
333,행복한베이커리&카페 안국점,제과 | 베이커리,서울 종로구 윤보선길 17,5.0,0,37.5779108,126.9835156
334,이태리탁,와인바,서울 종로구 율곡로5길 24 1층 한옥,3.3,5,37.5770867,126.9846062
335,보이차전문점 명가원,전통찻집,서울 종로구 윤보선길 19-18 1층,0.0,3,37.5773316,126.9835364
336,보뜨,테마카페,서울 종로구 윤보선길 28 1층 2호,5.0,25,37.5773064,126.9839624
337,삼방매,일본식라면,서울 종로구 율곡로5길 3-11 1층,3.7,96,37.5765347,126.9846409
338,언코르크드,와인바,서울 종로구 율곡로 55 지하1층,4.6,28,37.5766871,126.985395
339,북촌손만두 삼청동점,분식,서울 종로구 율곡로3길 66-2 1층,2.8,19,37.5785123,126.9823282
340,올넥스트 카페코나퀸즈,카페,서울 종로구 윤보선길 22,0.0,0,37.5769858,126.9840823
341,르콘토엘,제과 | 베이커리,서울 종로구 윤보선길 78 1층,5.0,16,37.5792366,126.983669
342,슈퍼커피 안국점,카페,서울 종로구 율곡로3길 64,0.0,1,37.578416,126.9822288
343,아재커피 삼청점,커피전문점,서울 종로구 윤보선길 10,0.0,2,37.5779108,126.9835156
344,두만강,순대,서울 종로구 율곡로 49-16,0.0,0,37.5767519,126.9843379
345,작은숲,갤러리카페,서울 종로구 윤보선길 20,0.0,0,37.57691130000001,126.9841172
346,한국이동갈비,갈비,서울 종로구 율곡로 49-16,0.0,0,37.5767519,126.9843379
347,황진이가마솥밥,한식,서울 종로구 율곡로5길 18-10,0.0,0,37.57714929999999,126.9849687
348,아반떼,술집,서울 종로구 율곡로 55,5.0,0,37.5766871,126.985395
349,할매쭈꾸미,해물 | 생선,서울 종로구 율곡로5길 6,0.0,0,37.5768182,126.9853457
350,진향당,전통찻집,서울 종로구 율곡로 49-16 1층,0.0,0,37.5767519,126.9843379
351,삼청동닭꼬치,분식,서울 종로구 율곡로3길 74-10 1층,0.0,0,37.5787386,126.9824474
352,비어셰프냐항,호프 | 요리주점,서울 종로구 윤보선길 10,0.0,0,37.5779108,126.9835156
353,해빛,카페,서울 종로구 율곡로 39 3층,0.0,0,37.576004,126.9838137
354,조스키친,음식점,서울 종로구 율곡로3길 74-6,5.0,0,37.5788041,126.9823095
355,남자만,한식,서울 종로구 율곡로 55,0.0,0,37.5766871,126.985395
356,은소보리밥,한식,서울 종로구 윤보선길 22,0.0,0,37.5769858,126.9840823
357,주식 회사복담 안국지점,커피전문점,서울 종로구 윤보선길 78,0.0,0,37.5792366,126.983669
358,안국교자,한식,서울 종로구 율곡로3길 74-10,0.0,0,37.5787386,126.9824474
368,랜디스도넛 안국점,도넛,서울 종로구 북촌로 3 1층,3.9,470,37.5771154,126.9856451
379,북촌김치재,한식,서울 종로구 북촌로2길 8,3.6,203,37.5777903,126.9861714
380,스타벅스 안국점,커피전문점,서울 종로구 북촌로 5-1,3.3,32,37.5773379,126.9856353
383,뉘조,한정식,서울 종로구 인사동14길 27,3.7,17,37.5751149,126.9851979
385,단상,퓨전한식,서울 종로구 북촌로2길 11,3.4,248,37.5779347,126.9864004
387,묵호횟집,회,서울 종로구 북촌로 1 지하 1층,4.1,23,37.5769968,126.9857859
388,북촌해물,해물 | 생선,서울 종로구 북촌로 25 1 2층,3.7,65,37.5790091,126.9849752
391,플러스84,베트남음식,서울 종로구 인사동16길 6 1층,4.0,108,37.5749804,126.9842227
392,플롭 안국점,피자,서울 종로구 북촌로2길 5 1층,3.3,451,37.5779038,126.9860623
395,57th카페,카페,서울 종로구 율곡로3길 17,3.4,9,37.5763863,126.9825836
397,촌 인사동본점,한정식,서울 종로구 인사동14길 19,2.2,21,37.5749195,126.9851043
398,갓잇 안국점,멕시칸 | 브라질,서울 종로구 북촌로2길 5-5 1층,4.3,153,37.5781469,126.9859311
399,땡스오트 안국,카페,서울 종로구 북촌로 21-10 1층,4.2,320,37.5787535,126.9845892
400,한옥찻집,전통찻집,서울 종로구 인사동12길 9,4.2,150,37.5745701,126.9848192
402,반타이,태국음식,서울 종로구 율곡로 65 2층,4.0,79,37.5771346,126.9864067
403,한가네불고기,불고기 | 두루치기,서울 종로구 인사동길 59,4.4,30,37.5751012,126.9833935
404,큰기와집,한식,서울 종로구 북촌로 20-7,3.1,219,37.5787144,126.9854921
405,도마 유즈라멘,일본식라면,서울 종로구 북촌로2길 14 1층,3.9,339,37.577791,126.9864601
406,푸른별주막,호프 | 요리주점,서울 종로구 인사동16길 19,3.8,28,37.5755269,126.9840726
407,제이네,양식,서울 종로구 율곡로1길 74-13 1층,4.2,74,37.5786892,126.9818322
408,삼청동호떡 본점,간식,서울 종로구 율곡로3길 82-6,3.5,64,37.57916230000001,126.9824733
410,여자만 관훈점본관,한식,서울 종로구 인사동14길 13,3.2,10,37.5749114,126.9848984
411,도토리가든 안국점,카페,서울 종로구 계동길 19-8 1층,2.6,273,37.5780669,126.9862696
412,재동맷돌순두부,두부전문점,서울 종로구 북촌로2길 6,3.9,18,37.5777568,126.9860462
413,향가,한정식,서울 종로구 계동길 19-6,3.5,12,37.5782402,126.9863057
415,팔오삼,육류 | 고기,서울 종로구 인사동12길 16 1층,4.0,143,37.5747067,126.9850902
416,간판없는 김치찌개집,찌개 | 전골,서울 종로구 인사동10길 23-14,4.1,123,37.5748033,126.9862629
417,로씨니,이탈리안,서울 종로구 북촌로 18,3.4,4,37.5783486,126.9858106
418,황금정,갈비,서울 종로구 북촌로 4,3.3,5,37.5773645,126.9861047
419,마음을담아내면,한식,서울 종로구 율곡로3길 79,3.6,114,37.5791389,126.9820559
420,니르바나,인도음식,서울 종로구 인사동길 58 202호,4.7,33,37.5751114,126.9837466
421,연남토마 북촌점,퓨전일식,서울 종로구 북촌로5길 39 1층,3.8,270,37.5792705,126.982687
422,한뫼촌,한식,서울 종로구 북촌로 24-4 1층,3.0,15,37.5789438,126.9855637
423,KOTTON SEOUL,카페,서울 종로구 인사동12길 17 1층,4.4,221,37.5747069,126.9849045
425,인사동양조장,한식,서울 종로구 율곡로 44-16 지층,4.8,30,37.57519449999999,126.9845006
426,소진담 안녕인사동점,디저트카페,서울 종로구 인사동길 49 5층 502호,3.6,175,37.5745213,126.9838508
427,누룩나무,호프 | 요리주점,서울 종로구 인사동16길 13,4.2,41,37.5752409,126.9841309
428,안암,국밥,서울 종로구 북촌로5길 10 1층,4.2,161,37.5794043,126.984414
429,달막달막,호프 | 요리주점,서울 종로구 인사동16길 11-1,4.1,45,37.5751789,126.9841566
430,헤비스테이크 안국역점,양식,서울 종로구 계동길 5 1층 3호,3.5,25,37.5773379,126.9863689
431,스토9,일본식주점,서울 종로구 인사동16길 19 1층,4.2,25,37.5755269,126.9840726
432,소소하게 삼청,카페,서울 종로구 율곡로1길 40-59 1층,4.3,21,37.5780671,126.9813754
433,일월카츠,돈까스 | 우동,서울 종로구 계동길 17,4.9,116,37.5780632,126.9865775
434,비원떡집,떡 | 한과,서울 종로구 북촌로 33-1 1층,3.9,11,37.5797459,126.9848497
435,선천,한정식,서울 종로구 인사동14길 5 2층,2.7,1,37.5749162,126.9844115
436,리틀버틀러,카페,서울 종로구 북촌로 8 1층,3.4,301,37.5775604,126.9859436
437,안국고다,설렁탕,서울 종로구 인사동14길 10,3.8,166,37.5746894,126.9846444
438,금옥당 인사점,간식,서울 종로구 인사동길 49 안녕인사동 1층,2.4,163,37.5745329,126.9834556
439,인사동수제비,수제비,서울 종로구 인사동8길 14-1,4.1,113,37.5740967,126.9860381
442,자작나무이야기,카페,서울 종로구 율곡로1길 74-15,3.7,57,37.5786342,126.9818307
443,배스킨라빈스 삼청마당점,아이스크림,서울 종로구 율곡로3길 74-1,3.4,166,37.5789225,126.9822445
444,프릳츠 원서점,디저트카페,서울 종로구 율곡로 83 1층,3.0,471,37.5775971,126.9884326
445,담장옆에 국화꽃 안녕인사동점,디저트카페,서울 종로구 인사동길 49 2층 6호,3.7,254,37.5745213,126.9838508
446,헝그리서울,호프 | 요리주점,서울 종로구 인사동16길 8-3 헝그리서울,4.1,28,37.575153,126.9843891
447,이채카페,카페,서울 종로구 북촌로 20-21,4.5,74,37.5786358,126.9858894
448,스미레돈카츠 안국점,돈까스 | 우동,서울 종로구 북촌로 14-1,4.2,38,37.5781401,126.9856697
449,토오베,카페,서울 종로구 인사동길 62-4 3층,,218,37.5753002,126.9836942
453,진옥화할매원조닭한마리 본점,닭요리,서울 종로구 종로40가길 18,3.4,687,37.5703353,127.0056842
455,온천집 익선,샤브샤브,서울 종로구 돈화문로11나길 31-8 1층,3.4,1018,37.5740217,126.9897964
456,핏제리아오,패밀리레스토랑,서울 종로구 동숭길 86 2  3층,4.6,296,37.5820433,127.0042774
459,부촌육회,육류 | 고기,서울 종로구 종로 200-12,4.4,98,37.5703442,126.9999108
466,계림 종로본점,닭요리,서울 종로구 돈화문로4길 39,3.6,170,37.5701315,126.9944914
467,오죽이네,닭요리,서울 종로구 돈화문로11가길 25,4.2,440,37.57374799999999,126.990759
469,정돈,돈까스 | 우동,서울 종로구 대학로9길 12 지하1층,3.8,168,37.581773,127.0010837
470,양연화로 종로직영점,육류 | 고기,서울 종로구 삼일대로17길 18 1 2층,4.3,214,37.5692044,126.9864882
471,대련집,국수,서울 종로구 종로16길 37,3.6,395,37.5684035,126.9890267
472,순희네빈대떡,한식,서울 종로구 종로32길 5,2.8,607,37.5705817,127.000708
473,우육면관 청계천점,중식,서울 종로구 청계천로 75-2,4.5,428,37.5685408,126.9861247
476,대성집,국밥,서울 종로구 사직로 5 1층,3.9,217,37.5726897,126.9609043
478,호호식당 대학로점,일식,서울 종로구 대학로9길 35 1층,3.2,373,37.5818595,127.0000195
479,육회자매집 본점1호점,육류 | 고기,서울 종로구 종로 200-4 1층,3.7,158,37.5705358,126.9998698
488,샤오바오우육면 본점,중국요리,서울 종로구 삼일대로17길 15 1층,3.8,525,37.5690451,126.9866115
489,산모퉁이,카페,서울 종로구 백석동길 153,3.2,239,37.5953909,126.9679537
491,장군굴보쌈,족발 | 보쌈,서울 종로구 수표로20길 22,3.3,170,37.5698223,126.9907769
493,참치공방 종각본점,참치회,서울 종로구 종로9길 8 1층,3.3,133,37.5707078,126.9843419
494,백제정육점,육류 | 고기,서울 종로구 종로35길 34,3.5,306,37.572614,127.0039694
495,영춘옥,곰탕,서울 종로구 돈화문로5가길 13,3.0,167,37.5713198,126.9915129
496,양반댁,한정식,서울 종로구 인사동길 19-18,1.9,148,37.5722378,126.9859252
499,잘빠진메밀 익선동점,국수,서울 종로구 율곡로8길 73 1층,3.7,248,37.573992,126.9914768
500,학림다방,카페,서울 종로구 대학로 119 2층,4.2,148,37.5818924,127.0016664
501,혜화칼국수,국수,서울 종로구 창경궁로35길 13,3.2,275,37.586514,127.0014858
504,찬양집,국수,서울 종로구 돈화문로11다길 5,3.3,260,37.5727526,126.990263
505,자하손만두,한식,서울 종로구 백석동길 12,2.9,323,37.5930963,126.9660366
507,갓덴스시 종로점,초밥 | 롤,서울 종로구 종로12길 14,3.6,244,37.5694101,126.9855719
508,순대실록 대학로본점,순대,서울 종로구 동숭길 127 우성빌딩 2층,4.6,186,37.5832367,127.0030501
509,평양고깃집,육류 | 고기,서울 종로구 인사동5길 14 2층,4.5,106,37.5727312,126.9853559
510,광장시장통큰누이네육회빈대떡,한식,서울 종로구 동호로 403-24 1 2층,4.3,276,37.5704134,127.0011619
511,암소서울,한식,서울 종로구 새문안로 76 금호아시아나본관 지하1층,3.6,629,37.5697569,126.973165
512,유진식당,냉면,서울 종로구 종로17길 40,3.5,197,37.5719638,126.9883198
513,에베레스트 레스토랑 동대문점,인도음식,서울 종로구 종로51가길 2-1 2층,4.3,275,37.5725333,127.0124869
518,혜화도담,한식,서울 종로구 대명1길 16-6 1층,,149,37.5829595,127.0004271
519,나누미떡볶이 성대본점,떡볶이,서울 종로구 성균관로 9-1,3.1,397,37.5836794,126.9978756
521,시민식당,육류 | 고기,서울 종로구 돈화문로5길 30,3.3,101,37.5707191,126.9903923
522,동묘집,해물 | 생선,서울 종로구 종로52길 43-9,4.0,155,37.5716649,127.0147703
523,엄용백돼지국밥 종각점,국밥,서울 종로구 인사동3길 20,3.5,342,37.5718312,126.9857915
529,평원숯불갈비,갈비,서울 종로구 종로39길 29,3.9,158,37.5721121,127.0052508
530,칸다소바 혜화점,일본식라면,서울 종로구 대학로 131-1 1층,3.9,120,37.58285559999999,127.0013557
531,청수당,카페,서울 종로구 돈화문로11나길 31-9,3.6,928,37.573854,126.9897795
532,계열사,치킨,서울 종로구 백석동길 7 1층,,322,37.5928384,126.9655941
533,원조원할매소문난닭한마리,닭요리,서울 종로구 종로40가길 25,3.3,161,37.5702439,127.0053062
534,해천어부,일식,서울 종로구 수표로28길 11 1층 103호,3.9,206,37.5728962,126.9891517
535,살롱순라,이탈리안,서울 종로구 율곡로10길 75,3.8,263,37.5741135,126.9916699
536,부산회집,회,서울 종로구 돈화문로4길 38,4.0,32,37.5699829,126.9943892
537,이경문순대곱창,순대,서울 종로구 돈화문로11나길 5,3.8,378,37.573052,126.9908261
538,촌놈,삼겹살,서울 종로구 대학로8가길 48 연경빌딩 2층,4.1,198,37.5828996,127.0024036
540,이층양옥,이탈리안,서울 종로구 돈화문로11나길 28 1 2층,4.1,250,37.5739733,126.990345
541,아델라베일리,이탈리안,서울 종로구 북악산로 48,3.3,177,37.5951289,126.9701451
544,개뿔,갤러리카페,서울 종로구 낙산성곽서1길 26 1 2층,4.0,212,37.5781392,127.0080326
545,포비브라이트 광화문점,카페,서울 종로구 새문안로 76 1층,4.2,252,37.5697569,126.973165
547,평창동북악정,한식,서울 종로구 평창36길 6,3.8,59,37.61129469999999,126.9777521
548,천하보쌈,족발 | 보쌈,서울 종로구 창덕궁1길 8 천하보쌈,4.2,193,37.5794173,126.9888167
549,버거파크 혜화점,햄버거,서울 종로구 대학로11길 5 1층,4.4,457,37.5821259,127.0013632
553,육회자매집 종로3호점,육류 | 고기,서울 종로구 종로 208 1 2층 201 203 204호,4.2,249,37.5706522,127.0008463
555,호반,한식,서울 종로구 삼일대로26길 20 1층,4.0,118,37.5732637,126.9891286
557,창화당 익선동점,분식,서울 종로구 수표로28길 23,3.4,245,37.5729794,126.9898094
558,은성회집,회,서울 종로구 창경궁로 88 광장시장 45-1호,3.3,189,37.5700398,126.9996036
559,원조누드김밥,분식,서울 종로구 창경궁로 88 광장시장 41호,3.8,345,37.5700398,126.9996036
560,명동닭한마리 본점,닭요리,서울 종로구 종로40가길 14,4.1,136,37.5703116,127.0058656
564,편안한집,한정식,서울 종로구 북촌로 133,3.6,32,37.5872851,126.9833014
565,하림각,중식,서울 종로구 자하문로 255 1층,3.2,30,37.59702559999999,126.9625363
566,종로설렁탕,설렁탕,서울 종로구 종로 110,2.7,60,37.5699521,126.9897314
567,더키친750,양식,서울 종로구 대학로8가길 80 2층,4.1,96,37.5824518,127.0032519
569,공평동꼼장어 본점,장어,서울 종로구 우정국로 29,3.4,152,37.5716752,126.9828367
570,창신동매운족발 본점,족발 | 보쌈,서울 종로구 종로51길 23,3.7,153,37.572955,127.0115145
571,빠리가옥,양식,서울 종로구 수표로28길 33-4,,339,37.5732578,126.990229
572,하나로회관,한정식,서울 종로구 인사동5길 25 하나로빌딩 지하1층,4.0,12,37.5720602,126.9853831
573,청계천휴,호프 | 요리주점,서울 종로구 청계천로 71 계원빌딩 1층,2.7,48,37.56878469999999,126.9854965
574,하이디라오 대학로점,아시아음식,서울 종로구 대학로 146 3층,3.9,130,37.5842128,127.0020237
575,부암동스코프,제과 | 베이커리,서울 종로구 창의문로 149 1층,4.0,81,37.5931072,126.9635827
576,종로찌개마을,찌개 | 전골,서울 종로구 삼일대로30길 10-4,3.2,181,37.5736064,126.9883292
577,남대문막내회집 광교점,회,서울 종로구 우정국로 4-1,3.9,49,37.5691515,126.9832718
579,묘미,한정식,서울 종로구 율곡로 83 5층,1.1,94,37.5775971,126.9884326
580,도토리브라더스,일식,서울 종로구 경희궁길 41 1층,3.5,409,37.57288090000001,126.9692516
581,뚝배기집,찌개 | 전골,서울 종로구 종로16길 12,4.2,199,37.5695341,126.9884726
582,부빙,디저트카페,서울 종로구 창의문로 136,4.0,209,37.5927213,126.965393
583,뽐모도로,이탈리안,서울 종로구 새문안로9길 19-1 일선빌딩 1층,3.4,121,37.5710898,126.9756919
585,프리모바치오바치 대학로점,이탈리안,서울 종로구 대학로10길 5 2층,3.9,112,37.5818197,127.0025595
586,슬로우파크,카페,서울 종로구 삼청로 141 1층,4.2,102,37.5878712,126.9814762
587,VIP참치 종로점,참치회,서울 종로구 삼일대로15길 25 2층,4.3,51,37.568706,126.9860568
590,후니도니,돈까스 | 우동,서울 종로구 종로 19 르메이르종로타운 지하1층,4.5,211,37.5709593,126.9798759
591,석파랑,한정식,서울 종로구 자하문로 309,2.8,56,37.5991812,126.958681
592,반쥴,커피전문점,서울 종로구 삼일대로17길 23 3~5층,4.1,55,37.5690287,126.9861713
594,대성식당,한식,서울 종로구 종로26길 14-3,3.7,311,37.5696314,126.9946962
595,카페이마,카페,서울 종로구 세종대로 152 일민미술관 1층,3.3,157,37.5698318,126.9776433
596,깔리,인도음식,서울 종로구 대학로11길 43 2층,4.2,198,37.58243400000001,126.9992272
597,광주집,육류 | 고기,서울 종로구 돈화문로11나길 3,2.2,149,37.5729705,126.9908827
599,흥부가,족발 | 보쌈,서울 종로구 수표로20길 22,4.1,241,37.5698223,126.9907769
600,진짜파스타,이탈리안,서울 마포구 와우산로 64 전원빌딩 2층 202호,4.6,67,37.5502303,126.9232531
601,감성타코 홍대점,멕시칸 | 브라질,서울 마포구 와우산로21길 20-11 2층,3.3,249,37.5527691,126.9226429
602,피오니 홍대점,카페,서울 마포구 독막로7길 51 1층,3.8,499,37.5500682,126.9197235
603,우와 홍대본점,철판요리,서울 마포구 와우산로21길 21-16 202호,3.4,137,37.5516364,126.9221386
604,테이스티버거,햄버거,서울 마포구 독막로 67-11 행운빌딩 1층,3.5,266,37.5469402,126.9231218
605,오츠커피 마포점,커피전문점,서울 마포구 독막로14길 32 지하 1층,4.6,323,37.547439,126.9218632
606,칸다소바 홍대점,일본식라면,서울 마포구 와우산로 51-6,4.2,123,37.5492454,126.9226642
607,943킹스크로스,카페,서울 마포구 양화로16길 24 지하1층  1~4층,4.0,293,37.5529341,126.9207822
608,여우골 홍대점,초밥 | 롤,서울 마포구 와우산로19길 9,4.0,106,37.5511057,126.9226363
609,테일러커피 서교점,커피전문점,서울 마포구 와우산로27길 7 2층,4.3,134,37.5537662,126.9276536
610,조선시대,한식,서울 마포구 홍익로3길 44 지하1층,3.8,117,37.5525739,126.9213963
612,맛이차이나,중국요리,서울 마포구 독막로 68 2층,3.5,135,37.5475555,126.9208439
613,마녀주방 홍대점,양식,서울 마포구 와우산로21길 36-10 1  2층,4.0,188,37.55282270000001,126.9221012
614,카미야,돈까스 | 우동,서울 마포구 와우산로21길 28-6 지하1층,4.3,179,37.5525448,126.922353
615,또보겠지떡볶이집 깐따삐아점,떡볶이,서울 마포구 와우산로21길 28-12,3.8,138,37.552771,126.9224562
616,지로우라멘,일본식라면,서울 마포구 와우산로29가길 79,4.0,177,37.5536541,126.9251381
617,땡스네이쳐,카페,서울 마포구 홍익로 10 푸르지오상가 지하1층 121호,4.3,74,37.553716,126.9236241
618,콜린,테마카페,서울 마포구 어울마당로 45 1  2층,3.9,268,37.549296,126.9205122
619,비스트로사랑방,이탈리안,서울 마포구 와우산로15길 40,3.9,180,37.5489685,126.9211551
620,공감 홍대2호점,일본식주점,서울 마포구 와우산로17길 10 2층,3.9,6,37.5502563,126.9224686
621,냉장고,육류 | 고기,서울 마포구 와우산로 23 규민빌딩 1층 102호,4.9,59,37.5469402,126.9231218
622,버터밀크,카페,서울 마포구 와우산로 130 1층,4.0,133,37.55334,126.9279483
623,가미우동,돈까스 | 우동,서울 마포구 홍익로2길 23 1층 2호,4.3,246,37.5546352,126.9238384
624,하카타분코,일본식라면,서울 마포구 독막로19길 43 1층,3.0,227,37.5488759,126.9237503
625,강강술래 홍대점,한식,서울 마포구 잔다리로6길 25 1 2층,3.6,14,37.5523355,126.9205441
626,프리모바치오바치 홍대본점,이탈리안,서울 마포구 와우산로23길 44 2 3층,3.7,210,37.5547481,126.9236715
627,비스트로주라,양식,서울 마포구 와우산로23길 18-7 1층,4.4,175,37.553961,126.9245962
628,톤앤매너,카페,서울 마포구 와우산로29가길 13 1층,4.4,31,37.554225,126.9286678
629,이치류 홍대본점,육류 | 고기,서울 마포구 잔다리로3안길 44,4.3,157,37.550616,126.9191339
630,산더미불고기,불고기 | 두루치기,서울 마포구 어울마당로 47,2.6,305,37.5494218,126.920576
631,어반플랜트 합정,카페,서울 마포구 독막로4길 3 1~3층,4.2,690,37.5478524,126.9171527
632,개화기요정,일본식주점,서울 마포구 독막로7길 22,2.3,106,37.5487566,126.9192694
633,김덕후의곱창조 홍대본점,곱창 | 막창,서울 마포구 와우산로 51-9 1  2층,,59,37.5491775,126.9224411
634,산울림1992,호프 | 요리주점,서울 마포구 서강로9길 60,3.7,219,37.5546031,126.9305106
635,아오이토리,제과 | 베이커리,서울 마포구 와우산로29길 8,3.8,237,37.5547393,126.9294391
636,하이디라오 홍대지점,중국요리,서울 마포구 양화로 176 와이즈파크 5층,4.1,262,0,0
637,경주식당,육류 | 고기,서울 마포구 와우산로13길 49-7,3.8,214,37.5483887,126.9211103
638,이츠모라멘,일본식라면,서울 마포구 와우산로23길 18-7 2층 202호,4.0,128,37.553961,126.9245962
639,오레노라멘 합정본점,일본식라면,서울 마포구 독막로6길 14,4.4,562,37.5474401,126.9172933
640,히어로보드게임카페 홍대1호점,보드카페,서울 마포구 와우산로21길 31-10 2층,4.5,81,37.552057,126.9218168
641,홍대조폭떡볶이,떡볶이,서울 마포구 어울마당로 60 반석빌딩 1층,2.9,117,37.5503687,126.9213545
642,소코아 홍대점,일식,서울 마포구 와우산로15길 49 1층,4.5,100,37.5485962,126.9209421
643,이빠네마그릴 홍대점,멕시칸 | 브라질,서울 마포구 홍익로 7 소망빌딩 지하1층,4.2,423,37.5532037,126.9234708
644,멘야산다이메 홍대점,일본식라면,서울 마포구 홍익로5안길 24,3.5,104,37.5536482,126.9214283
645,예티,인도음식,서울 마포구 와우산로18길 20,4.2,47,37.5509549,126.923983
646,마시타야,일본식라면,서울 마포구 와우산로29라길 26,4.0,124,37.5547875,126.9266045
647,초마 홍대본점,중국요리,서울 마포구 와우산로 72 2층,3.9,12,37.5508352,126.9234064
648,라멘트럭 상수본점,일본식라면,서울 마포구 독막로14길 31 1층,3.6,78,37.5474489,126.922586
649,서울이스케이프룸 홍대2호점,테마카페,서울 마포구 와우산로17길 11 코스모스빌딩 3층,3.0,88,37.550061,126.9223922
650,아웃닭 홍대점,치킨,서울 마포구 와우산로17길 19,3.5,72,37.55005010000001,126.9218876
651,하하&김종국의 401정육식당 홍대본점,,서울 마포구 잔다리로 23 1층,2.3,25,37.5507121,126.9201884
652,더피자보이즈,피자,서울 마포구 독막로9길 6 2층,4.1,104,37.5485391,126.9196234
653,제비다방,다방,서울 마포구 와우산로 24,4.3,67,37.5465823,126.9231065
654,더담,한정식,서울 마포구 와우산로29길 44 2층 201호,3.5,45,37.5557044,126.9277559
655,황곱 홍대점,곱창 | 막창,서울 마포구 어울마당로 149 1층,4.8,187,37.5566802,126.9263668
656,피자네버슬립스 합정본점,피자,서울 마포구 양화로6길 73 4  5층,4.0,353,37.54857459999999,126.9182807
657,ESC방탈출카페 홍대점,테마카페,서울 마포구 와우산로21길 19-16 지하2층,2.2,5,37.55177219999999,126.9225079
658,허밍벨라,카페,서울 마포구 독막로7길 57,3.5,159,37.5503215,126.9199349
659,바다회사랑 2호점,회,서울 마포구 동교로 143 1 2층,3.4,549,37.5554437,126.9177502
660,스케줄 합정,양식,서울 마포구 양화로6길 33 1층,3.8,889,37.5491725,126.9160777
661,혼가츠,돈까스 | 우동,서울 마포구 와우산로21길 36-6 102호,2.9,220,37.5526021,126.9220183
662,르쁘띠푸 홍대본점,디저트카페,서울 마포구 와우산로 62 삼애빌딩 2층,3.8,193,37.54989580000001,126.9232456
663,짬뽕지존 홍대점,중국요리,서울 마포구 어울마당로 44-1 보리수빌딩 1층,3.4,90,37.5489167,126.9209115
664,돈주는남자 본점,육류 | 고기,서울 마포구 잔다리로6길 34-9,3.4,116,37.5519052,126.92108
665,스탠스커피,카페,서울 마포구 와우산로11길 9 1층 101호,4.3,157,37.5487809,126.9224253
666,미어캣프랜즈,테마카페,서울 마포구 와우산로21길 20 예원빌딩 3층,1.8,62,37.5524188,126.9229592
667,또보겠지떡볶이집 스마일보이점,떡볶이,서울 마포구 와우산로29길 14-8 2층,3.6,130,37.5550433,126.9291813
668,산리오러버스클럽,카페,서울 마포구 와우산로19길 18 가동 1 2층,4.0,352,37.5513687,126.9220316
669,더피자보이즈 홍대입구역점,피자,서울 마포구 와우산로29마길 24-1 1층,3.9,152,37.5552679,126.9260362
670,38도씨식당,호프 | 요리주점,서울 마포구 와우산로17길 19-17 2층,3.6,154,37.5493886,126.921578
671,온블랙94,스테이크 | 립,서울 마포구 와우산로 39-14,3.8,66,37.5482425,126.9223629
672,또보겠지떡볶이집 호호시스터점,떡볶이,서울 마포구 양화로6길 45 2층,4.1,287,37.5489085,126.9167662
673,츠케루,일본식라면,서울 마포구 와우산로23길 9,4.6,159,37.5533991,126.9243428
674,철길왕갈비살,갈비,서울 마포구 와우산로32길 24,3.2,131,37.5544368,126.9316504
675,오리지널시카고피자 홍대본점,피자,서울 마포구 독막로7길 51 3 4층,4.0,158,37.5500682,126.9197235
676,어메이징농카이,태국음식,서울 마포구 동교로 156-11 1층,3.7,216,37.5552814,126.9199063
677,카레시,퓨전일식,서울 마포구 독막로9길 31,3.4,211,37.5496562,126.9202003
678,서강8경,양식,서울 마포구 토정로 128 8층,3.3,74,37.5448952,126.9253375
679,앤트러사이트 합정점,커피전문점,서울 마포구 토정로5길 10,3.5,242,37.5458006,126.9183208
680,후라토식당 상수직영점,돈까스 | 우동,서울 마포구 독막로15길 3-14,4.0,124,37.5485533,126.9213716
681,고기꾼김춘배,육류 | 고기,서울 마포구 홍익로3길 36 3 4층,3.9,43,37.552802,126.9215039
682,부산집 홍대본점,일본식주점,서울 마포구 와우산로38길 4,4.4,123,37.5554756,126.9309474
683,자세,칵테일바,서울 마포구 와우산로19길 6-11,3.3,7,37.5517122,126.9228403
684,카페 지금여기,카페,서울 마포구 양화로16길 30-5 3층,4.0,37,37.5527109,126.9212076
685,스아게K,일식,서울 마포구 와우산로29라길 7,4.1,176,37.55538019999999,126.9273848
686,꼼보포차 홍대2호점,실내포장마차,서울 마포구 와우산로17길 19,3.2,25,37.55005010000001,126.9218876
687,무신사테라스,카페,서울 마포구 양화로 188 AK&홍대 17층,3.4,391,37.5578973,126.9262816
688,은행골 홍대점,초밥 | 롤,서울 마포구 와우산로15길 34,3.4,85,37.5491435,126.9214752
689,합정광안리,회,서울 마포구 독막로3길 38 1층,4.0,165,37.5497933,126.917549
690,만만코코로 홍대점,호프 | 요리주점,서울 마포구 양화로16길 34 2  3층,1.4,34,37.5528445,126.9213279
691,빠넬로,양식,서울 마포구 어울마당로5길 29 1층,3.7,163,37.5493528,126.9189417
692,삼거리포차,실내포장마차,서울 마포구 와우산로 70,2.3,1,37.5518909,126.9262161
693,구공탄곱창 본점,곱창 | 막창,서울 마포구 양화로6길 77 1층,3.9,84,37.5485686,126.9185162
694,싸인이스케이프 홍대점,테마카페,서울 마포구 와우산로 65 6층,4.8,144,37.5503838,126.9228097
695,더페이머스버거 홍대점,햄버거,서울 마포구 잔다리로3안길 24 1층,3.1,170,37.5504495,126.9195539
696,효봉포차,실내포장마차,서울 마포구 와우산로18길 12,4.4,37,37.5506329,126.923742
697,홍스쭈꾸미 홍대본점,해물 | 생선,서울 마포구 어울마당로 146,3.7,270,37.556165,126.9260901
698,재미난조각가 홍대점,사주카페,서울 마포구 와우산로21길 24 2층,3.1,56,37.5524129,126.9227148
699,왔쏘 홍대점,고기뷔페,서울 마포구 독막로7길 20,4.7,21,37.5486519,126.9191544
700,괴르츠,양식,서울 마포구 토정로 136-13 우성빌딩 7층,3.2,198,37.5448202,126.9258059
701,포차끝판왕,실내포장마차,서울 마포구 잔다리로 3 5층,2.0,8,37.5504939,126.9226327
702,구스토타코,멕시칸 | 브라질,서울 마포구 와우산로 41,3.7,96,37.5481012,126.9227814
703,윤씨밀방,양식,서울 마포구 와우산로15길 15 지하1층,3.8,200,37.5496182,126.9223522
704,부탄츄 홍대점,일본식라면,서울 마포구 와우산로35길 75 1층,2.6,149,37.5563616,126.9267087
705,집사의하루 홍대점,고양이카페,서울 마포구 와우산로21길 19-8 태경빌딩 2층,4.6,40,37.5520331,126.9226558
706,델리인디아,인도음식,서울 마포구 독막로9길 8 2층,4.5,148,37.5486453,126.9197147
707,홍대인파스타,이탈리안,서울 마포구 홍익로5안길 32 홍대가자2빌딩 103호,4.1,147,37.5534406,126.921085
708,앵춘,술집,서울 마포구 독막로 81 1층,4.1,225,37.5479122,126.9224073
709,비스트로큐슈,퓨전일식,서울 마포구 와우산로 150-2 2층 (대로변에서 봤을때 2층  정면 1층),,109,37.5543526,126.9299211
710,와인로그,와인바,서울 마포구 와우산로21길 36-8 2 3층,3.5,47,37.5526979,126.9220498
711,웃사브,인도음식,서울 마포구 와우산로11길 10,3.6,89,37.5489986,126.9223815
712,달콤한거짓말,디저트카페,서울 마포구 독막로 61-4,4.1,188,37.5480287,126.9205689
713,심양 홍대점,양꼬치,서울 마포구 독막로9길 43,3.7,59,37.5501141,126.9205071
714,코노미 홍대점,일본식주점,서울 마포구 잔다리로6길 28,3.5,65,37.5521387,126.9206092
715,홍대개미 홍대점,퓨전일식,서울 마포구 독막로 67-9 엘렌아뜨리움 2 3층,2.4,47,37.547931,126.9210173
716,멜로우,테마카페,서울 마포구 잔다리로 30-11 1층,4.2,20,37.5518061,126.9199044
717,로쏘1924,피자,서울 마포구 홍익로 29 1층,3.8,642,37.5545727,126.921724
718,그동네떡볶이 홍대점,떡볶이,서울 마포구 와우산로27길 14 104호,,185,37.5540951,126.9275606
719,백년토종삼계탕 본점,삼계탕,서울 마포구 양화로 118,3.7,31,37.5537716,126.9202348
720,우동카덴 합정점,돈까스 | 우동,서울 마포구 양화로7안길 2-1 1 2층,3.1,152,37.5516488,126.9150324
721,철인7호치킨 홍대점,치킨,서울 마포구 양화로6길 99-3 반지하,5.0,64,37.5485034,126.9197586
722,민트하임,디저트카페,서울 마포구 잔다리로6길 28,3.8,103,37.5521387,126.9206092
723,스미비부타동,일식,서울 마포구 와우산로13길 19 1층,,398,37.5493034,126.9222152
724,1984,북카페,서울 마포구 동교로 194 혜원빌딩 1층,3.5,460,37.5573381,126.9228658
725,루프탑어반비치,와인바,서울 마포구 독막로9길 38 DE빌딩 6층,,77,37.5498537,126.9206105
726,21세기 우리바다수산,회,서울 마포구 동교로 173,2.5,74,37.55635400000001,126.9209264
727,미스터리룸이스케이프 홍대2호점,,서울 마포구 독막로7길 41 2층,4.4,53,37.549652,126.9194376
728,김앤김대게 서교점,게 | 대게,서울 마포구 양화로 100 3층,3.2,50,37.552704,126.918676
729,훌리오 홍대점,멕시칸 | 브라질,서울 마포구 와우산로13길 40 지하1층  1층,3.8,43,37.5488044,126.9212401
730,클럽에반스,칵테일바,서울 마포구 와우산로 63 2층,4.6,23,37.5502329,126.922865
731,제임스시카고피자 홍대본점,피자,서울 마포구 어울마당로 122-1 1층,3.7,48,37.5553972,126.9239055
732,카페장쌤,카페,서울 마포구 와우산로29마길 5,4.0,111,37.555689,126.9268598
733,또보겠지떡볶이집 호호피크닉점,떡볶이,서울 마포구 독막로3길 34 2층 201호,4.0,236,37.5496608,126.9174559
734,카츠미 홍대본점,일식,서울 마포구 어울마당로 51 2층,3.7,112,37.5496407,126.9206668
735,플레이보드 홍대2호점,보드카페,서울 마포구 잔다리로6길 20-9 3층,4.6,15,37.5519088,126.9206861
736,닭꼬얌,닭요리,서울 마포구 와우산로18길 29 지하 1층,3.7,47,37.5514252,126.9237725
737,손오공마라탕,중식,서울 마포구 양화로18길 15,3.4,64,37.5565487,126.9248883
738,라헬의부엌 홍대점,디저트카페,서울 마포구 와우산로29길 47,3.1,234,37.5554309,126.9282194
739,홍마떡 홍대본점,떡볶이,서울 마포구 어울마당로 112-6 1층,4.4,168,37.554628,126.9233382
740,홍대씨부엉,떡볶이,서울 마포구 와우산로21길 28-6 1층,3.9,426,37.5525448,126.922353
741,스파카나폴리,이탈리안,서울 마포구 양화로6길 28 2층,3.9,199,37.5488759,126.9155739
742,조선화로구이,육류 | 고기,서울 마포구 월드컵북로 5,4.0,37,37.5554877,126.9207839
743,딩굴딩굴알타미라,만화카페,서울 마포구 와우산로29길 21 지하1층,3.5,30,37.5548682,126.9285511
744,몬스터피자 본점,피자,서울 마포구 와우산로 73,3.7,4,37.5509881,126.9229741
745,고수포차,실내포장마차,서울 마포구 독막로 76-1 한주빌딩 1층 102호,4.6,104,37.5469402,126.9231218
746,돼지상회 홍대직영점,삼겹살,서울 마포구 홍익로5안길 28,,5,37.5535696,126.9212088
747,가로수포차,실내포장마차,서울 마포구 잔다리로6길 34-13 1  2층,4.1,69,37.5519108,126.9212067
748,서교참치,참치회,서울 마포구 와우산로23길 35-3 2층,3.8,79,37.5543861,126.9232976
749,쭌곱창,곱창 | 막창,서울 마포구 와우산로29마길 6,4.5,86,37.5558155,126.926695
